,Participant,Trial,Block,Item_1,Item_2,Rank_1,Rank_2,Image_1,Image_2,Winner,Loser,Chosen_item,Chosen_rank,Chosen_name,Accuracy,Acc_feedback,Feedback_on,key_resp.keys,key_resp.rt,Switched,Pair_value,final_loc_item_01_scarf.jpg,final_loc_item_02_radio.jpg,final_loc_item_03_dress.jpg,final_loc_item_04_satellite_dish.jpg,final_loc_item_05_hat.jpg,final_loc_item_06_slipper.jpg,final_loc_item_07_phone.jpg,mouse_select.clicked_name,Direction
0,172,,,,,,,,,,,,,,,,,,,,,,,,,,,,,
1,172,,,,,,,,,,,,,,,,,,,,,,,,,,,,,
2,172,,,,,,,,,,,,,,,,,,,,,,,,,,,,,
3,172,,,,,,,,,,,,,,,,,,,,,,,,,,,,,
4,172,,,,,,,,,,,,,,,,,,,,,,,,,,,,,
5,172,,,,,,,,,,,,,,,,,,,,,,,,,,,,,
6,172,,,,,,,,,,,,,,,,,,,,,,,,,,,,,
7,172,,,,,,,,,,,,,,,,,,,,,,,,,,,,,
8,172,,,,,,,,,,,,,,,,,,,,,,,,,,,,,
9,172,,,,,,,,,,,,,,,,,,,,,,,,,,,,,
10,172,,,,,,,,,,,,,,,,,,,,,,,,,,,,,
11,172,,,,,,,,,,,,,,,,,,,,,,,,,,,,,
12,172,,,,,,,,,,,,,,,,,,,,,,,,,,,,,
13,172,,,,,,,,,,,,,,,,,,,,,,,,,,,,,
14,172,,,,,,,,,,,,,,,,,,,,,,,,,,,,,
15,172,,,,,,,,,,,,,,,,,,,,,,,,,,,,,
16,172,,,,,,,,,,,,,,,,,,,,,,,,,,,,,
17,172,,,,,,,,,,,,,,,,,,,,,,,,,,,,,
18,172,,1.0,,,,,,,,,,,,,,0.0,,,,,,,,,,,,,
19,172,,1.0,,,,,,,,,,,,,,1.0,,,,,,,,,,,,,
20,172,,1.0,,,,,,,,,,,,,,0.0,,,,,,,,,,,,,
21,172,,1.0,,,,,,,,,,,,,,0.0,,,,,,,,,,,,,
22,172,,1.0,,,,,,,,,,,,,,1.0,,,,,,,,,,,,,
23,172,,1.0,,,,,,,,,,,,,,0.0,,,,,,,,,,,,,
24,172,,1.0,,,,,,,,,,,,,,1.0,,,,,,,,,,,,,
25,172,,1.0,,,,,,,,,,,,,,1.0,,,,,,,,,,,,,
26,172,,,,,,,,,,,,,,,,,,,,,,,,,,,,,
27,172,,,,,,,,,,,,,,,,,,,,,,,,,,,,,
28,172,,,,,,,,,,,,,,,,,,,,,,,,,,,,,
29,172,,,,,,,,,,,,,,,,,,,,,,,,,,,,,
30,172,,1.0,,,,,,,,,,,,,,1.0,,,,,,,,,,,,,
31,172,,1.0,,,,,,,,,,,,,,0.0,,,,,,,,,,,,,
32,172,,1.0,,,,,,,,,,,,,,1.0,,,,,,,,,,,,,
33,172,,1.0,,,,,,,,,,,,,,0.0,,,,,,,,,,,,,
34,172,,1.0,,,,,,,,,,,,,,0.0,,,,,,,,,,,,,
35,172,,1.0,,,,,,,,,,,,,,1.0,,,,,,,,,,,,,
36,172,,1.0,,,,,,,,,,,,,,1.0,,,,,,,,,,,,,
37,172,,1.0,,,,,,,,,,,,,,0.0,,,,,,,,,,,,,
38,172,,,,,,,,,,,,,,,,,,,,,,,,,,,,,
39,172,,,,,,,,,,,,,,,,,,,,,,,,,,,,,
40,172,,,,,,,,,,,,,,,,,,,,,,,,,,,,,
41,172,,,,,,,,,,,,,,,,,,,,,,,,,,,,,
42,172,,,,,,,,,,,,,,,,,,,,,,,,,,,,,
43,172,,,,,,,,,,,,,,,,,,,,,,,,,,,,,
44,172,,,,,,,,,,,,,,,,,,,,,,,,,,,,,
45,172,1.0,1.0,2.0,5.0,2.0,5.0,04_satellite_dish.jpg,02_radio.jpg,5.0,2.0,2.0,2.0,04_satellite_dish.jpg,0.0,3.0,0.0,left,1.897000000000048,0.0,Low,,,,,,,,,up
46,172,2.0,1.0,1.0,4.0,1.0,4.0,07_phone.jpg,03_dress.jpg,4.0,1.0,4.0,4.0,03_dress.jpg,1.0,3.0,0.0,right,0.87099999999998,0.0,Low,,,,,,,,,up
47,172,3.0,1.0,7.0,6.0,7.0,6.0,01_scarf.jpg,06_slipper.jpg,7.0,6.0,6.0,6.0,06_slipper.jpg,0.0,0.0,1.0,right,0.868999999999971,0.0,0,,,,,,,,,up
48,172,4.0,1.0,2.0,3.0,2.0,3.0,04_satellite_dish.jpg,05_hat.jpg,3.0,2.0,2.0,2.0,04_satellite_dish.jpg,0.0,0.0,1.0,left,1.6700000000000161,0.0,0,,,,,,,,,up
49,172,5.0,1.0,1.0,5.0,1.0,5.0,07_phone.jpg,02_radio.jpg,5.0,1.0,5.0,5.0,02_radio.jpg,1.0,3.0,0.0,right,1.565999999999974,0.0,Low,,,,,,,,,up
50,172,6.0,1.0,6.0,7.0,6.0,7.0,06_slipper.jpg,01_scarf.jpg,7.0,6.0,7.0,7.0,01_scarf.jpg,1.0,1.0,1.0,right,0.8079999999999921,0.0,0,,,,,,,,,up
51,172,7.0,1.0,7.0,2.0,7.0,2.0,01_scarf.jpg,04_satellite_dish.jpg,7.0,2.0,7.0,7.0,01_scarf.jpg,1.0,3.0,0.0,left,0.8820000000000051,0.0,Med,,,,,,,,,up
52,172,8.0,1.0,1.0,3.0,1.0,3.0,07_phone.jpg,05_hat.jpg,3.0,1.0,3.0,3.0,05_hat.jpg,1.0,3.0,0.0,right,1.005999999999971,0.0,Low,,,,,,,,,up
53,172,9.0,1.0,3.0,2.0,3.0,2.0,05_hat.jpg,04_satellite_dish.jpg,3.0,2.0,3.0,3.0,05_hat.jpg,1.0,1.0,1.0,left,1.034999999999968,0.0,0,,,,,,,,,up
54,172,10.0,1.0,4.0,7.0,4.0,7.0,03_dress.jpg,01_scarf.jpg,7.0,4.0,7.0,7.0,01_scarf.jpg,1.0,3.0,0.0,right,1.097000000000036,0.0,High,,,,,,,,,up
55,172,11.0,1.0,6.0,3.0,6.0,3.0,06_slipper.jpg,05_hat.jpg,6.0,3.0,3.0,3.0,05_hat.jpg,0.0,3.0,0.0,right,1.478000000000008,0.0,High,,,,,,,,,up
56,172,12.0,1.0,5.0,6.0,5.0,6.0,02_radio.jpg,06_slipper.jpg,6.0,5.0,5.0,5.0,02_radio.jpg,0.0,0.0,1.0,left,1.266000000000019,0.0,0,,,,,,,,,up
57,172,13.0,1.0,1.0,2.0,1.0,2.0,07_phone.jpg,04_satellite_dish.jpg,2.0,1.0,1.0,1.0,07_phone.jpg,0.0,0.0,1.0,left,1.544999999999959,0.0,0,,,,,,,,,up
58,172,14.0,1.0,4.0,5.0,4.0,5.0,03_dress.jpg,02_radio.jpg,5.0,4.0,5.0,5.0,02_radio.jpg,1.0,1.0,1.0,right,1.158999999999991,0.0,0,,,,,,,,,up
59,172,15.0,1.0,3.0,4.0,3.0,4.0,05_hat.jpg,03_dress.jpg,4.0,3.0,3.0,3.0,05_hat.jpg,0.0,0.0,1.0,left,0.7049999999999841,0.0,0,,,,,,,,,up
60,172,16.0,1.0,6.0,4.0,6.0,4.0,06_slipper.jpg,03_dress.jpg,6.0,4.0,4.0,4.0,03_dress.jpg,0.0,3.0,0.0,right,1.569000000000016,0.0,High,,,,,,,,,up
61,172,17.0,1.0,5.0,4.0,5.0,4.0,02_radio.jpg,03_dress.jpg,5.0,4.0,5.0,5.0,02_radio.jpg,1.0,1.0,1.0,left,2.12299999999999,0.0,0,,,,,,,,,up
62,172,18.0,1.0,7.0,3.0,7.0,3.0,01_scarf.jpg,05_hat.jpg,7.0,3.0,,,,,2.0,0.0,,,0.0,High,,,,,,,,,up
63,172,19.0,1.0,6.0,1.0,6.0,1.0,06_slipper.jpg,07_phone.jpg,6.0,1.0,6.0,6.0,06_slipper.jpg,1.0,3.0,0.0,left,1.2529999999999861,0.0,Med,,,,,,,,,up
64,172,20.0,1.0,2.0,1.0,2.0,1.0,04_satellite_dish.jpg,07_phone.jpg,2.0,1.0,1.0,1.0,07_phone.jpg,0.0,0.0,1.0,right,0.890999999999962,0.0,0,,,,,,,,,up
65,172,21.0,1.0,5.0,3.0,5.0,3.0,02_radio.jpg,05_hat.jpg,5.0,3.0,5.0,5.0,02_radio.jpg,1.0,3.0,0.0,left,1.718000000000017,0.0,Med,,,,,,,,,up
66,172,22.0,1.0,2.0,4.0,2.0,4.0,04_satellite_dish.jpg,03_dress.jpg,4.0,2.0,2.0,2.0,04_satellite_dish.jpg,0.0,3.0,0.0,left,1.478000000000008,0.0,Low,,,,,,,,,up
67,172,23.0,1.0,1.0,7.0,1.0,7.0,07_phone.jpg,01_scarf.jpg,7.0,1.0,7.0,7.0,01_scarf.jpg,1.0,3.0,0.0,right,1.156999999999982,0.0,0,,,,,,,,,up
68,172,24.0,1.0,2.0,6.0,2.0,6.0,04_satellite_dish.jpg,06_slipper.jpg,6.0,2.0,6.0,6.0,06_slipper.jpg,1.0,3.0,0.0,right,1.076999999999998,0.0,Med,,,,,,,,,up
69,172,25.0,1.0,5.0,7.0,5.0,7.0,02_radio.jpg,01_scarf.jpg,7.0,5.0,5.0,5.0,02_radio.jpg,0.0,3.0,0.0,left,1.4130000000000111,0.0,High,,,,,,,,,up
70,172,26.0,1.0,4.0,3.0,4.0,3.0,03_dress.jpg,05_hat.jpg,4.0,3.0,4.0,4.0,03_dress.jpg,1.0,1.0,1.0,left,1.016999999999939,0.0,0,,,,,,,,,up
71,172,27.0,1.0,6.0,5.0,6.0,5.0,06_slipper.jpg,02_radio.jpg,6.0,5.0,5.0,5.0,02_radio.jpg,0.0,0.0,1.0,right,1.011999999999943,0.0,0,,,,,,,,,up
72,172,28.0,1.0,5.0,2.0,5.0,2.0,02_radio.jpg,04_satellite_dish.jpg,5.0,2.0,5.0,5.0,02_radio.jpg,1.0,3.0,0.0,left,1.910999999999944,0.0,Low,,,,,,,,,up
73,172,29.0,1.0,2.0,3.0,2.0,3.0,04_satellite_dish.jpg,05_hat.jpg,3.0,2.0,3.0,3.0,05_hat.jpg,1.0,1.0,1.0,right,0.9199999999999591,0.0,0,,,,,,,,,up
74,172,30.0,1.0,4.0,2.0,4.0,2.0,03_dress.jpg,04_satellite_dish.jpg,4.0,2.0,4.0,4.0,03_dress.jpg,1.0,3.0,0.0,left,0.9850000000000131,0.0,Low,,,,,,,,,up
75,172,31.0,1.0,4.0,3.0,4.0,3.0,03_dress.jpg,05_hat.jpg,4.0,3.0,4.0,4.0,03_dress.jpg,1.0,1.0,1.0,left,1.317999999999983,0.0,0,,,,,,,,,up
76,172,32.0,1.0,7.0,6.0,7.0,6.0,01_scarf.jpg,06_slipper.jpg,7.0,6.0,7.0,7.0,01_scarf.jpg,1.0,1.0,1.0,left,0.8940000000000051,0.0,0,,,,,,,,,up
77,172,33.0,1.0,7.0,5.0,7.0,5.0,01_scarf.jpg,02_radio.jpg,7.0,5.0,5.0,5.0,02_radio.jpg,0.0,3.0,0.0,right,1.099999999999909,0.0,High,,,,,,,,,up
78,172,34.0,1.0,6.0,2.0,6.0,2.0,06_slipper.jpg,04_satellite_dish.jpg,6.0,2.0,2.0,2.0,04_satellite_dish.jpg,0.0,3.0,0.0,right,1.052999999999997,0.0,Med,,,,,,,,,up
79,172,35.0,1.0,6.0,5.0,6.0,5.0,06_slipper.jpg,02_radio.jpg,6.0,5.0,5.0,5.0,02_radio.jpg,0.0,0.0,1.0,right,1.168999999999982,0.0,0,,,,,,,,,up
80,172,36.0,1.0,3.0,5.0,3.0,5.0,05_hat.jpg,02_radio.jpg,5.0,3.0,3.0,3.0,05_hat.jpg,0.0,3.0,0.0,left,0.6759999999999301,0.0,Med,,,,,,,,,up
81,172,37.0,1.0,4.0,6.0,4.0,6.0,03_dress.jpg,06_slipper.jpg,6.0,4.0,4.0,4.0,03_dress.jpg,0.0,3.0,0.0,left,0.599000000000046,0.0,High,,,,,,,,,up
82,172,38.0,1.0,3.0,7.0,3.0,7.0,05_hat.jpg,01_scarf.jpg,7.0,3.0,3.0,3.0,05_hat.jpg,0.0,3.0,0.0,left,0.677999999999997,0.0,High,,,,,,,,,up
83,172,39.0,1.0,7.0,1.0,7.0,1.0,01_scarf.jpg,07_phone.jpg,7.0,1.0,7.0,7.0,01_scarf.jpg,1.0,3.0,0.0,left,1.132000000000061,0.0,0,,,,,,,,,up
84,172,40.0,1.0,3.0,6.0,3.0,6.0,05_hat.jpg,06_slipper.jpg,6.0,3.0,3.0,3.0,05_hat.jpg,0.0,3.0,0.0,left,0.783000000000015,0.0,High,,,,,,,,,up
85,172,41.0,1.0,3.0,1.0,3.0,1.0,05_hat.jpg,07_phone.jpg,3.0,1.0,3.0,3.0,05_hat.jpg,1.0,3.0,0.0,left,1.027000000000043,0.0,Low,,,,,,,,,up
86,172,42.0,1.0,3.0,4.0,3.0,4.0,05_hat.jpg,03_dress.jpg,4.0,3.0,4.0,4.0,03_dress.jpg,1.0,1.0,1.0,right,1.025999999999953,0.0,0,,,,,,,,,up
87,172,43.0,1.0,4.0,5.0,4.0,5.0,03_dress.jpg,02_radio.jpg,5.0,4.0,5.0,5.0,02_radio.jpg,1.0,1.0,1.0,right,1.198999999999955,0.0,0,,,,,,,,,up
88,172,44.0,1.0,2.0,1.0,2.0,1.0,04_satellite_dish.jpg,07_phone.jpg,2.0,1.0,1.0,1.0,07_phone.jpg,0.0,0.0,1.0,right,0.8929999999999151,0.0,0,,,,,,,,,up
89,172,45.0,1.0,5.0,4.0,5.0,4.0,02_radio.jpg,03_dress.jpg,5.0,4.0,4.0,4.0,03_dress.jpg,0.0,0.0,1.0,right,1.253000000000042,0.0,0,,,,,,,,,up
90,172,46.0,1.0,5.0,6.0,5.0,6.0,02_radio.jpg,06_slipper.jpg,6.0,5.0,5.0,5.0,02_radio.jpg,0.0,0.0,1.0,left,1.350000000000022,0.0,0,,,,,,,,,up
91,172,47.0,1.0,6.0,7.0,6.0,7.0,06_slipper.jpg,01_scarf.jpg,7.0,6.0,7.0,7.0,01_scarf.jpg,1.0,1.0,1.0,right,1.224000000000046,0.0,0,,,,,,,,,up
92,172,48.0,1.0,2.0,7.0,2.0,7.0,04_satellite_dish.jpg,01_scarf.jpg,7.0,2.0,7.0,7.0,01_scarf.jpg,1.0,3.0,0.0,right,1.1480000000000241,0.0,Med,,,,,,,,,up
93,172,49.0,1.0,1.0,2.0,1.0,2.0,07_phone.jpg,04_satellite_dish.jpg,2.0,1.0,1.0,1.0,07_phone.jpg,0.0,0.0,1.0,left,1.266999999999939,0.0,0,,,,,,,,,up
94,172,50.0,1.0,5.0,1.0,5.0,1.0,02_radio.jpg,07_phone.jpg,5.0,1.0,5.0,5.0,02_radio.jpg,1.0,3.0,0.0,left,0.8790000000000191,0.0,Low,,,,,,,,,up
95,172,51.0,1.0,7.0,4.0,7.0,4.0,01_scarf.jpg,03_dress.jpg,7.0,4.0,4.0,4.0,03_dress.jpg,0.0,3.0,0.0,right,1.076999999999998,0.0,High,,,,,,,,,up
96,172,52.0,1.0,4.0,1.0,4.0,1.0,03_dress.jpg,07_phone.jpg,4.0,1.0,1.0,1.0,07_phone.jpg,0.0,3.0,0.0,right,1.291000000000053,0.0,Low,,,,,,,,,up
97,172,53.0,1.0,1.0,6.0,1.0,6.0,07_phone.jpg,06_slipper.jpg,6.0,1.0,6.0,6.0,06_slipper.jpg,1.0,3.0,0.0,right,1.492999999999938,0.0,Med,,,,,,,,,up
98,172,54.0,1.0,3.0,2.0,3.0,2.0,05_hat.jpg,04_satellite_dish.jpg,3.0,2.0,3.0,3.0,05_hat.jpg,1.0,1.0,1.0,left,0.872999999999933,0.0,0,,,,,,,,,up
99,172,55.0,2.0,6.0,7.0,6.0,7.0,06_slipper.jpg,01_scarf.jpg,7.0,6.0,7.0,7.0,01_scarf.jpg,1.0,1.0,1.0,right,1.614000000000032,0.0,0,,,,,,,,,up
100,172,56.0,2.0,1.0,2.0,1.0,2.0,07_phone.jpg,04_satellite_dish.jpg,2.0,1.0,2.0,2.0,04_satellite_dish.jpg,1.0,1.0,1.0,right,0.853999999999928,0.0,0,,,,,,,,,up
101,172,57.0,2.0,1.0,3.0,1.0,3.0,07_phone.jpg,05_hat.jpg,3.0,1.0,3.0,3.0,05_hat.jpg,1.0,3.0,0.0,right,0.7309999999999941,0.0,Low,,,,,,,,,up
102,172,58.0,2.0,2.0,4.0,2.0,4.0,04_satellite_dish.jpg,03_dress.jpg,4.0,2.0,2.0,2.0,04_satellite_dish.jpg,0.0,3.0,0.0,left,1.146000000000071,0.0,Low,,,,,,,,,up
103,172,59.0,2.0,7.0,3.0,7.0,3.0,01_scarf.jpg,05_hat.jpg,7.0,3.0,7.0,7.0,01_scarf.jpg,1.0,3.0,0.0,left,1.363999999999919,0.0,High,,,,,,,,,up
104,172,60.0,2.0,6.0,5.0,6.0,5.0,06_slipper.jpg,02_radio.jpg,6.0,5.0,5.0,5.0,02_radio.jpg,0.0,0.0,1.0,right,0.625,0.0,0,,,,,,,,,up
105,172,61.0,2.0,3.0,2.0,3.0,2.0,05_hat.jpg,04_satellite_dish.jpg,3.0,2.0,3.0,3.0,05_hat.jpg,1.0,1.0,1.0,left,0.876999999999952,0.0,0,,,,,,,,,up
106,172,62.0,2.0,4.0,3.0,4.0,3.0,03_dress.jpg,05_hat.jpg,4.0,3.0,3.0,3.0,05_hat.jpg,0.0,0.0,1.0,right,1.197999999999979,0.0,0,,,,,,,,,up
107,172,63.0,2.0,5.0,3.0,5.0,3.0,02_radio.jpg,05_hat.jpg,5.0,3.0,5.0,5.0,02_radio.jpg,1.0,3.0,0.0,left,1.7010000000000212,0.0,Med,,,,,,,,,up
108,172,64.0,2.0,5.0,6.0,5.0,6.0,02_radio.jpg,06_slipper.jpg,6.0,5.0,6.0,6.0,06_slipper.jpg,1.0,1.0,1.0,right,1.021999999999934,0.0,0,,,,,,,,,up
109,172,65.0,2.0,5.0,7.0,5.0,7.0,02_radio.jpg,01_scarf.jpg,7.0,5.0,7.0,7.0,01_scarf.jpg,1.0,3.0,0.0,right,0.9560000000000171,0.0,High,,,,,,,,,up
110,172,66.0,2.0,4.0,7.0,4.0,7.0,03_dress.jpg,01_scarf.jpg,7.0,4.0,7.0,7.0,01_scarf.jpg,1.0,3.0,0.0,right,1.293999999999982,0.0,High,,,,,,,,,up
111,172,67.0,2.0,7.0,6.0,7.0,6.0,01_scarf.jpg,06_slipper.jpg,7.0,6.0,7.0,7.0,01_scarf.jpg,1.0,1.0,1.0,left,1.041000000000053,0.0,0,,,,,,,,,up
112,172,68.0,2.0,2.0,1.0,2.0,1.0,04_satellite_dish.jpg,07_phone.jpg,2.0,1.0,2.0,2.0,04_satellite_dish.jpg,1.0,1.0,1.0,left,0.9020000000000431,0.0,0,,,,,,,,,up
113,172,69.0,2.0,1.0,6.0,1.0,6.0,07_phone.jpg,06_slipper.jpg,6.0,1.0,6.0,6.0,06_slipper.jpg,1.0,3.0,0.0,right,1.01400000000001,0.0,Med,,,,,,,,,up
114,172,70.0,2.0,3.0,6.0,3.0,6.0,05_hat.jpg,06_slipper.jpg,6.0,3.0,3.0,3.0,05_hat.jpg,0.0,3.0,0.0,left,0.8229999999999791,0.0,High,,,,,,,,,up
115,172,71.0,2.0,2.0,5.0,2.0,5.0,04_satellite_dish.jpg,02_radio.jpg,5.0,2.0,2.0,2.0,04_satellite_dish.jpg,0.0,3.0,0.0,left,1.267999999999915,0.0,Low,,,,,,,,,up
116,172,72.0,2.0,1.0,7.0,1.0,7.0,07_phone.jpg,01_scarf.jpg,7.0,1.0,7.0,7.0,01_scarf.jpg,1.0,3.0,0.0,right,0.6380000000000331,0.0,0,,,,,,,,,up
117,172,73.0,2.0,3.0,4.0,3.0,4.0,05_hat.jpg,03_dress.jpg,4.0,3.0,3.0,3.0,05_hat.jpg,0.0,0.0,1.0,left,1.211999999999989,0.0,0,,,,,,,,,up
118,172,74.0,2.0,5.0,1.0,5.0,1.0,02_radio.jpg,07_phone.jpg,5.0,1.0,5.0,5.0,02_radio.jpg,1.0,3.0,0.0,left,1.053999999999973,0.0,Low,,,,,,,,,up
119,172,75.0,2.0,4.0,6.0,4.0,6.0,03_dress.jpg,06_slipper.jpg,6.0,4.0,6.0,6.0,06_slipper.jpg,1.0,3.0,0.0,right,1.490999999999985,0.0,High,,,,,,,,,up
120,172,76.0,2.0,5.0,4.0,5.0,4.0,02_radio.jpg,03_dress.jpg,5.0,4.0,5.0,5.0,02_radio.jpg,1.0,1.0,1.0,left,1.037000000000034,0.0,0,,,,,,,,,up
121,172,77.0,2.0,2.0,3.0,2.0,3.0,04_satellite_dish.jpg,05_hat.jpg,3.0,2.0,2.0,2.0,04_satellite_dish.jpg,0.0,0.0,1.0,left,1.371999999999957,0.0,0,,,,,,,,,up
122,172,78.0,2.0,2.0,6.0,2.0,6.0,04_satellite_dish.jpg,06_slipper.jpg,6.0,2.0,2.0,2.0,04_satellite_dish.jpg,0.0,3.0,0.0,left,1.56899999999996,0.0,Med,,,,,,,,,up
123,172,79.0,2.0,4.0,1.0,4.0,1.0,03_dress.jpg,07_phone.jpg,4.0,1.0,4.0,4.0,03_dress.jpg,1.0,3.0,0.0,left,1.116999999999961,0.0,Low,,,,,,,,,up
124,172,80.0,2.0,4.0,5.0,4.0,5.0,03_dress.jpg,02_radio.jpg,5.0,4.0,5.0,5.0,02_radio.jpg,1.0,1.0,1.0,right,1.026000000000067,0.0,0,,,,,,,,,up
125,172,81.0,2.0,2.0,7.0,2.0,7.0,04_satellite_dish.jpg,01_scarf.jpg,7.0,2.0,2.0,2.0,04_satellite_dish.jpg,0.0,3.0,0.0,left,1.206000000000017,0.0,Med,,,,,,,,,up
126,172,82.0,2.0,7.0,5.0,7.0,5.0,01_scarf.jpg,02_radio.jpg,7.0,5.0,5.0,5.0,02_radio.jpg,0.0,3.0,0.0,right,1.225000000000022,0.0,High,,,,,,,,,up
127,172,83.0,2.0,4.0,2.0,4.0,2.0,03_dress.jpg,04_satellite_dish.jpg,4.0,2.0,4.0,4.0,03_dress.jpg,1.0,3.0,0.0,left,1.825000000000045,0.0,Low,,,,,,,,,up
128,172,84.0,2.0,2.0,1.0,2.0,1.0,04_satellite_dish.jpg,07_phone.jpg,2.0,1.0,2.0,2.0,04_satellite_dish.jpg,1.0,1.0,1.0,left,0.95900000000006,0.0,0,,,,,,,,,up
129,172,85.0,2.0,6.0,3.0,6.0,3.0,06_slipper.jpg,05_hat.jpg,6.0,3.0,3.0,3.0,05_hat.jpg,0.0,3.0,0.0,right,0.67999999999995,0.0,High,,,,,,,,,up
130,172,86.0,2.0,3.0,4.0,3.0,4.0,05_hat.jpg,03_dress.jpg,4.0,3.0,4.0,4.0,03_dress.jpg,1.0,1.0,1.0,right,1.33299999999997,0.0,0,,,,,,,,,up
131,172,87.0,2.0,6.0,5.0,6.0,5.0,06_slipper.jpg,02_radio.jpg,6.0,5.0,5.0,5.0,02_radio.jpg,0.0,0.0,1.0,right,0.894999999999981,0.0,0,,,,,,,,,up
132,172,88.0,2.0,6.0,2.0,6.0,2.0,06_slipper.jpg,04_satellite_dish.jpg,6.0,2.0,2.0,2.0,04_satellite_dish.jpg,0.0,3.0,0.0,right,1.081999999999993,0.0,Med,,,,,,,,,up
133,172,89.0,2.0,3.0,1.0,3.0,1.0,05_hat.jpg,07_phone.jpg,3.0,1.0,3.0,3.0,05_hat.jpg,1.0,3.0,0.0,left,0.7210000000000031,0.0,Low,,,,,,,,,up
134,172,90.0,2.0,6.0,4.0,6.0,4.0,06_slipper.jpg,03_dress.jpg,6.0,4.0,4.0,4.0,03_dress.jpg,0.0,3.0,0.0,right,1.45799999999997,0.0,High,,,,,,,,,up
135,172,91.0,2.0,5.0,2.0,5.0,2.0,02_radio.jpg,04_satellite_dish.jpg,5.0,2.0,5.0,5.0,02_radio.jpg,1.0,3.0,0.0,left,1.037000000000034,0.0,Low,,,,,,,,,up
136,172,92.0,2.0,3.0,7.0,3.0,7.0,05_hat.jpg,01_scarf.jpg,7.0,3.0,3.0,3.0,05_hat.jpg,0.0,3.0,0.0,left,1.184999999999945,0.0,High,,,,,,,,,up
137,172,93.0,2.0,3.0,5.0,3.0,5.0,05_hat.jpg,02_radio.jpg,5.0,3.0,5.0,5.0,02_radio.jpg,1.0,3.0,0.0,right,1.142000000000052,0.0,Med,,,,,,,,,up
138,172,94.0,2.0,1.0,4.0,1.0,4.0,07_phone.jpg,03_dress.jpg,4.0,1.0,4.0,4.0,03_dress.jpg,1.0,3.0,0.0,right,1.009000000000014,0.0,Low,,,,,,,,,up
139,172,95.0,2.0,7.0,4.0,7.0,4.0,01_scarf.jpg,03_dress.jpg,7.0,4.0,7.0,7.0,01_scarf.jpg,1.0,3.0,0.0,left,1.437999999999988,0.0,High,,,,,,,,,up
140,172,96.0,2.0,4.0,3.0,4.0,3.0,03_dress.jpg,05_hat.jpg,4.0,3.0,4.0,4.0,03_dress.jpg,1.0,1.0,1.0,left,1.466999999999984,0.0,0,,,,,,,,,up
141,172,97.0,2.0,6.0,7.0,6.0,7.0,06_slipper.jpg,01_scarf.jpg,7.0,6.0,7.0,7.0,01_scarf.jpg,1.0,1.0,1.0,right,1.7459999999999811,0.0,0,,,,,,,,,up
142,172,98.0,2.0,5.0,4.0,5.0,4.0,02_radio.jpg,03_dress.jpg,5.0,4.0,5.0,5.0,02_radio.jpg,1.0,1.0,1.0,left,1.388000000000033,0.0,0,,,,,,,,,up
143,172,99.0,2.0,7.0,6.0,7.0,6.0,01_scarf.jpg,06_slipper.jpg,7.0,6.0,7.0,7.0,01_scarf.jpg,1.0,1.0,1.0,left,1.385999999999967,0.0,0,,,,,,,,,up
144,172,100.0,2.0,2.0,3.0,2.0,3.0,04_satellite_dish.jpg,05_hat.jpg,3.0,2.0,3.0,3.0,05_hat.jpg,1.0,1.0,1.0,right,2.336000000000012,0.0,0,,,,,,,,,up
145,172,101.0,2.0,1.0,5.0,1.0,5.0,07_phone.jpg,02_radio.jpg,5.0,1.0,5.0,5.0,02_radio.jpg,1.0,3.0,0.0,right,1.01400000000001,0.0,Low,,,,,,,,,up
146,172,102.0,2.0,6.0,1.0,6.0,1.0,06_slipper.jpg,07_phone.jpg,6.0,1.0,6.0,6.0,06_slipper.jpg,1.0,3.0,0.0,left,1.079000000000064,0.0,Med,,,,,,,,,up
147,172,103.0,2.0,5.0,6.0,5.0,6.0,02_radio.jpg,06_slipper.jpg,6.0,5.0,5.0,5.0,02_radio.jpg,0.0,0.0,1.0,left,0.74700000000007,0.0,0,,,,,,,,,up
148,172,104.0,2.0,1.0,2.0,1.0,2.0,07_phone.jpg,04_satellite_dish.jpg,2.0,1.0,2.0,2.0,04_satellite_dish.jpg,1.0,1.0,1.0,right,0.903999999999996,0.0,0,,,,,,,,,up
149,172,105.0,2.0,4.0,5.0,4.0,5.0,03_dress.jpg,02_radio.jpg,5.0,4.0,5.0,5.0,02_radio.jpg,1.0,1.0,1.0,right,1.121999999999957,0.0,0,,,,,,,,,up
150,172,106.0,2.0,3.0,2.0,3.0,2.0,05_hat.jpg,04_satellite_dish.jpg,3.0,2.0,3.0,3.0,05_hat.jpg,1.0,1.0,1.0,left,0.81600000000003,0.0,0,,,,,,,,,up
151,172,107.0,2.0,7.0,1.0,7.0,1.0,01_scarf.jpg,07_phone.jpg,7.0,1.0,7.0,7.0,01_scarf.jpg,1.0,3.0,0.0,left,0.70900000000006,0.0,0,,,,,,,,,up
152,172,108.0,2.0,7.0,2.0,7.0,2.0,01_scarf.jpg,04_satellite_dish.jpg,7.0,2.0,7.0,7.0,01_scarf.jpg,1.0,3.0,0.0,left,1.836000000000012,0.0,Med,,,,,,,,,up
153,172,109.0,3.0,6.0,2.0,6.0,2.0,06_slipper.jpg,04_satellite_dish.jpg,6.0,2.0,6.0,6.0,06_slipper.jpg,1.0,3.0,0.0,left,1.302000000000021,0.0,Med,,,,,,,,,up
154,172,110.0,3.0,5.0,2.0,5.0,2.0,02_radio.jpg,04_satellite_dish.jpg,5.0,2.0,5.0,5.0,02_radio.jpg,1.0,3.0,0.0,left,0.811000000000035,0.0,Low,,,,,,,,,up
155,172,111.0,3.0,2.0,7.0,2.0,7.0,04_satellite_dish.jpg,01_scarf.jpg,7.0,2.0,,,,,2.0,0.0,,,0.0,Med,,,,,,,,,up
156,172,112.0,3.0,1.0,2.0,1.0,2.0,07_phone.jpg,04_satellite_dish.jpg,2.0,1.0,2.0,2.0,04_satellite_dish.jpg,1.0,1.0,1.0,right,0.798000000000001,0.0,0,,,,,,,,,up
157,172,113.0,3.0,1.0,7.0,1.0,7.0,07_phone.jpg,01_scarf.jpg,7.0,1.0,7.0,7.0,01_scarf.jpg,1.0,3.0,0.0,right,0.8339999999999461,0.0,0,,,,,,,,,up
158,172,114.0,3.0,4.0,3.0,4.0,3.0,03_dress.jpg,05_hat.jpg,4.0,3.0,3.0,3.0,05_hat.jpg,0.0,0.0,1.0,right,0.9729999999999561,0.0,0,,,,,,,,,up
159,172,115.0,3.0,6.0,5.0,6.0,5.0,06_slipper.jpg,02_radio.jpg,6.0,5.0,5.0,5.0,02_radio.jpg,0.0,0.0,1.0,right,0.91599999999994,0.0,0,,,,,,,,,up
160,172,116.0,3.0,6.0,7.0,6.0,7.0,06_slipper.jpg,01_scarf.jpg,7.0,6.0,7.0,7.0,01_scarf.jpg,1.0,1.0,1.0,right,0.90199999999993,0.0,0,,,,,,,,,up
161,172,117.0,3.0,3.0,4.0,3.0,4.0,05_hat.jpg,03_dress.jpg,4.0,3.0,3.0,3.0,05_hat.jpg,0.0,0.0,1.0,left,0.5639999999999641,0.0,0,,,,,,,,,up
162,172,118.0,3.0,5.0,4.0,5.0,4.0,02_radio.jpg,03_dress.jpg,5.0,4.0,4.0,4.0,03_dress.jpg,0.0,0.0,1.0,right,1.423000000000001,0.0,0,,,,,,,,,up
163,172,119.0,3.0,2.0,3.0,2.0,3.0,04_satellite_dish.jpg,05_hat.jpg,3.0,2.0,3.0,3.0,05_hat.jpg,1.0,1.0,1.0,right,0.9000000000000911,0.0,0,,,,,,,,,up
164,172,120.0,3.0,2.0,1.0,2.0,1.0,04_satellite_dish.jpg,07_phone.jpg,2.0,1.0,2.0,2.0,04_satellite_dish.jpg,1.0,1.0,1.0,left,0.98300000000006,0.0,0,,,,,,,,,up
165,172,121.0,3.0,5.0,1.0,5.0,1.0,02_radio.jpg,07_phone.jpg,5.0,1.0,5.0,5.0,02_radio.jpg,1.0,3.0,0.0,left,0.715999999999894,0.0,Low,,,,,,,,,up
166,172,122.0,3.0,3.0,2.0,3.0,2.0,05_hat.jpg,04_satellite_dish.jpg,3.0,2.0,3.0,3.0,05_hat.jpg,1.0,1.0,1.0,left,0.7069999999999931,0.0,0,,,,,,,,,up
167,172,123.0,3.0,5.0,3.0,5.0,3.0,02_radio.jpg,05_hat.jpg,5.0,3.0,3.0,3.0,05_hat.jpg,0.0,3.0,0.0,right,1.226999999999975,0.0,Med,,,,,,,,,up
168,172,124.0,3.0,7.0,6.0,7.0,6.0,01_scarf.jpg,06_slipper.jpg,7.0,6.0,7.0,7.0,01_scarf.jpg,1.0,1.0,1.0,left,0.677999999999997,0.0,0,,,,,,,,,up
169,172,125.0,3.0,4.0,5.0,4.0,5.0,03_dress.jpg,02_radio.jpg,5.0,4.0,5.0,5.0,02_radio.jpg,1.0,1.0,1.0,right,0.694999999999936,0.0,0,,,,,,,,,up
170,172,126.0,3.0,1.0,3.0,1.0,3.0,07_phone.jpg,05_hat.jpg,3.0,1.0,3.0,3.0,05_hat.jpg,1.0,3.0,0.0,right,0.7590000000000141,0.0,Low,,,,,,,,,up
171,172,127.0,3.0,4.0,2.0,4.0,2.0,03_dress.jpg,04_satellite_dish.jpg,4.0,2.0,4.0,4.0,03_dress.jpg,1.0,3.0,0.0,left,0.815000000000054,0.0,Low,,,,,,,,,up
172,172,128.0,3.0,3.0,7.0,3.0,7.0,05_hat.jpg,01_scarf.jpg,7.0,3.0,3.0,3.0,05_hat.jpg,0.0,3.0,0.0,left,1.212999999999965,0.0,High,,,,,,,,,up
173,172,129.0,3.0,4.0,7.0,4.0,7.0,03_dress.jpg,01_scarf.jpg,7.0,4.0,4.0,4.0,03_dress.jpg,0.0,3.0,0.0,left,1.064000000000078,0.0,High,,,,,,,,,up
174,172,130.0,3.0,4.0,1.0,4.0,1.0,03_dress.jpg,07_phone.jpg,4.0,1.0,4.0,4.0,03_dress.jpg,1.0,3.0,0.0,left,1.065999999999917,0.0,Low,,,,,,,,,up
175,172,131.0,3.0,5.0,6.0,5.0,6.0,02_radio.jpg,06_slipper.jpg,6.0,5.0,6.0,6.0,06_slipper.jpg,1.0,1.0,1.0,right,1.215000000000031,0.0,0,,,,,,,,,up
176,172,132.0,3.0,1.0,6.0,1.0,6.0,07_phone.jpg,06_slipper.jpg,6.0,1.0,1.0,1.0,07_phone.jpg,0.0,3.0,0.0,left,1.036000000000058,0.0,Med,,,,,,,,,up
177,172,133.0,3.0,3.0,6.0,3.0,6.0,05_hat.jpg,06_slipper.jpg,6.0,3.0,3.0,3.0,05_hat.jpg,0.0,3.0,0.0,left,1.170000000000072,0.0,High,,,,,,,,,up
178,172,134.0,3.0,4.0,6.0,4.0,6.0,03_dress.jpg,06_slipper.jpg,6.0,4.0,4.0,4.0,03_dress.jpg,0.0,3.0,0.0,left,0.6879999999999881,0.0,High,,,,,,,,,up
179,172,135.0,3.0,7.0,5.0,7.0,5.0,01_scarf.jpg,02_radio.jpg,7.0,5.0,5.0,5.0,02_radio.jpg,0.0,3.0,0.0,right,1.302999999999997,0.0,High,,,,,,,,,up
180,172,136.0,3.0,2.0,4.0,2.0,4.0,04_satellite_dish.jpg,03_dress.jpg,4.0,2.0,4.0,4.0,03_dress.jpg,1.0,3.0,0.0,right,1.2650000000001,0.0,Low,,,,,,,,,up
181,172,137.0,3.0,2.0,1.0,2.0,1.0,04_satellite_dish.jpg,07_phone.jpg,2.0,1.0,2.0,2.0,04_satellite_dish.jpg,1.0,1.0,1.0,left,0.676999999999907,0.0,0,,,,,,,,,up
182,172,138.0,3.0,6.0,1.0,6.0,1.0,06_slipper.jpg,07_phone.jpg,6.0,1.0,6.0,6.0,06_slipper.jpg,1.0,3.0,0.0,left,0.9340000000000821,0.0,Med,,,,,,,,,up
183,172,139.0,3.0,5.0,7.0,5.0,7.0,02_radio.jpg,01_scarf.jpg,7.0,5.0,5.0,5.0,02_radio.jpg,0.0,3.0,0.0,left,1.009999999999991,0.0,High,,,,,,,,,up
184,172,140.0,3.0,3.0,2.0,3.0,2.0,05_hat.jpg,04_satellite_dish.jpg,3.0,2.0,3.0,3.0,05_hat.jpg,1.0,1.0,1.0,left,0.9619999999999891,0.0,0,,,,,,,,,up
185,172,141.0,3.0,4.0,5.0,4.0,5.0,03_dress.jpg,02_radio.jpg,5.0,4.0,5.0,5.0,02_radio.jpg,1.0,1.0,1.0,right,0.8509999999999991,0.0,0,,,,,,,,,up
186,172,142.0,3.0,2.0,3.0,2.0,3.0,04_satellite_dish.jpg,05_hat.jpg,3.0,2.0,3.0,3.0,05_hat.jpg,1.0,1.0,1.0,right,0.69100000000003,0.0,0,,,,,,,,,up
187,172,143.0,3.0,3.0,5.0,3.0,5.0,05_hat.jpg,02_radio.jpg,5.0,3.0,5.0,5.0,02_radio.jpg,1.0,3.0,0.0,right,0.988999999999919,0.0,Med,,,,,,,,,up
188,172,144.0,3.0,7.0,3.0,7.0,3.0,01_scarf.jpg,05_hat.jpg,7.0,3.0,3.0,3.0,05_hat.jpg,0.0,3.0,0.0,right,0.9440000000000731,0.0,High,,,,,,,,,up
189,172,145.0,3.0,7.0,1.0,7.0,1.0,01_scarf.jpg,07_phone.jpg,7.0,1.0,7.0,7.0,01_scarf.jpg,1.0,3.0,0.0,left,0.7820000000000391,0.0,0,,,,,,,,,up
190,172,146.0,3.0,2.0,5.0,2.0,5.0,04_satellite_dish.jpg,02_radio.jpg,5.0,2.0,5.0,5.0,02_radio.jpg,1.0,3.0,0.0,right,0.547000000000025,0.0,Low,,,,,,,,,up
191,172,147.0,3.0,6.0,7.0,6.0,7.0,06_slipper.jpg,01_scarf.jpg,7.0,6.0,6.0,6.0,06_slipper.jpg,0.0,0.0,1.0,left,0.6400000000001,0.0,0,,,,,,,,,up
192,172,148.0,3.0,1.0,5.0,1.0,5.0,07_phone.jpg,02_radio.jpg,5.0,1.0,5.0,5.0,02_radio.jpg,1.0,3.0,0.0,right,1.1710000000000491,0.0,Low,,,,,,,,,up
193,172,149.0,3.0,6.0,5.0,6.0,5.0,06_slipper.jpg,02_radio.jpg,6.0,5.0,5.0,5.0,02_radio.jpg,0.0,0.0,1.0,right,1.075000000000045,0.0,0,,,,,,,,,up
194,172,150.0,3.0,7.0,4.0,7.0,4.0,01_scarf.jpg,03_dress.jpg,7.0,4.0,4.0,4.0,03_dress.jpg,0.0,3.0,0.0,right,1.163000000000011,0.0,High,,,,,,,,,up
195,172,151.0,3.0,6.0,3.0,6.0,3.0,06_slipper.jpg,05_hat.jpg,6.0,3.0,3.0,3.0,05_hat.jpg,0.0,3.0,0.0,right,0.7760000000000671,0.0,High,,,,,,,,,up
196,172,152.0,3.0,6.0,4.0,6.0,4.0,06_slipper.jpg,03_dress.jpg,6.0,4.0,4.0,4.0,03_dress.jpg,0.0,3.0,0.0,right,0.9700000000000271,0.0,High,,,,,,,,,up
197,172,153.0,3.0,7.0,2.0,7.0,2.0,01_scarf.jpg,04_satellite_dish.jpg,7.0,2.0,7.0,7.0,01_scarf.jpg,1.0,3.0,0.0,left,1.02599999999984,0.0,Med,,,,,,,,,up
198,172,154.0,3.0,5.0,6.0,5.0,6.0,02_radio.jpg,06_slipper.jpg,6.0,5.0,6.0,6.0,06_slipper.jpg,1.0,1.0,1.0,right,1.644000000000005,0.0,0,,,,,,,,,up
199,172,155.0,3.0,5.0,4.0,5.0,4.0,02_radio.jpg,03_dress.jpg,5.0,4.0,4.0,4.0,03_dress.jpg,0.0,0.0,1.0,right,1.27800000000002,0.0,0,,,,,,,,,up
200,172,156.0,3.0,3.0,1.0,3.0,1.0,05_hat.jpg,07_phone.jpg,3.0,1.0,3.0,3.0,05_hat.jpg,1.0,3.0,0.0,left,0.663999999999987,0.0,Low,,,,,,,,,up
201,172,157.0,3.0,2.0,6.0,2.0,6.0,04_satellite_dish.jpg,06_slipper.jpg,6.0,2.0,2.0,2.0,04_satellite_dish.jpg,0.0,3.0,0.0,left,1.551000000000158,0.0,Med,,,,,,,,,up
202,172,158.0,3.0,3.0,4.0,3.0,4.0,05_hat.jpg,03_dress.jpg,4.0,3.0,3.0,3.0,05_hat.jpg,0.0,0.0,1.0,left,1.195999999999912,0.0,0,,,,,,,,,up
203,172,159.0,3.0,1.0,2.0,1.0,2.0,07_phone.jpg,04_satellite_dish.jpg,2.0,1.0,2.0,2.0,04_satellite_dish.jpg,1.0,1.0,1.0,right,0.7760000000000671,0.0,0,,,,,,,,,up
204,172,160.0,3.0,7.0,6.0,7.0,6.0,01_scarf.jpg,06_slipper.jpg,7.0,6.0,7.0,7.0,01_scarf.jpg,1.0,1.0,1.0,left,1.2260000000001121,0.0,0,,,,,,,,,up
205,172,161.0,3.0,4.0,3.0,4.0,3.0,03_dress.jpg,05_hat.jpg,4.0,3.0,3.0,3.0,05_hat.jpg,0.0,0.0,1.0,right,0.6929999999999831,0.0,0,,,,,,,,,up
206,172,162.0,3.0,1.0,4.0,1.0,4.0,07_phone.jpg,03_dress.jpg,4.0,1.0,4.0,4.0,03_dress.jpg,1.0,3.0,0.0,right,0.7200000000000271,0.0,Low,,,,,,,,,up
207,172,,,,,,,,,,,,,,,,,,,,,,,,,,,,,
208,172,,,,,,,,,,,,,,,,,,,,,,,,,,,,,
209,172,,,,,,,,,,,,,,,,,,,,,,,,,,,,,
210,172,,,,,,,,,,,,,,,,,,,,,,,,,,,,,
211,172,,,,,,,,,,,,,,,,,,,,,,,,,,,,,
212,172,,,,,,,,,,,,,,,,,,,,,,,,,,,,,
213,172,,,,,,,,,,,,,,,,,,,,,,,,,,,,,
214,172,,,,,,,,,,,,,,,,,,,,,,,,,,,,,
215,172,163.0,4.0,2.0,4.0,1.0,3.0,04_satellite_dish.jpg,03_dress.jpg,4.0,2.0,4.0,3.0,03_dress.jpg,1.0,3.0,0.0,right,1.478000000000065,0.0,Low,,,,,,,,,up
216,172,164.0,4.0,4.0,7.0,3.0,6.0,03_dress.jpg,01_scarf.jpg,7.0,4.0,4.0,3.0,03_dress.jpg,0.0,3.0,0.0,left,1.610999999999876,0.0,High,,,,,,,,,up
217,172,165.0,4.0,4.0,5.0,3.0,4.0,03_dress.jpg,02_radio.jpg,5.0,4.0,5.0,4.0,02_radio.jpg,1.0,1.0,1.0,right,0.90300000000002,0.0,0,,,,,,,,,up
218,172,166.0,4.0,6.0,3.0,5.0,2.0,06_slipper.jpg,05_hat.jpg,6.0,3.0,3.0,2.0,05_hat.jpg,0.0,3.0,0.0,right,0.710000000000036,0.0,Low,,,,,,,,,up
219,172,167.0,4.0,1.0,3.0,7.0,2.0,07_phone.jpg,05_hat.jpg,3.0,1.0,3.0,2.0,05_hat.jpg,1.0,3.0,0.0,right,0.611000000000103,0.0,Med,,,,,,,,,up
220,172,168.0,4.0,5.0,4.0,4.0,3.0,02_radio.jpg,03_dress.jpg,5.0,4.0,5.0,4.0,02_radio.jpg,1.0,1.0,1.0,left,0.5070000000000611,0.0,0,,,,,,,,,up
221,172,169.0,4.0,3.0,7.0,2.0,6.0,05_hat.jpg,01_scarf.jpg,7.0,3.0,7.0,6.0,01_scarf.jpg,1.0,3.0,0.0,right,0.732999999999947,0.0,Med,,,,,,,,,up
222,172,170.0,4.0,1.0,7.0,7.0,6.0,07_phone.jpg,01_scarf.jpg,1.0,7.0,7.0,6.0,01_scarf.jpg,0.0,0.0,1.0,right,0.6929999999999831,1.0,0,,,,,,,,,up
223,172,171.0,4.0,2.0,3.0,1.0,2.0,04_satellite_dish.jpg,05_hat.jpg,3.0,2.0,3.0,2.0,05_hat.jpg,1.0,1.0,1.0,right,0.7449999999998901,1.0,0,,,,,,,,,up
224,172,172.0,4.0,3.0,4.0,2.0,3.0,05_hat.jpg,03_dress.jpg,4.0,3.0,4.0,3.0,03_dress.jpg,1.0,1.0,1.0,right,1.264000000000123,1.0,0,,,,,,,,,up
225,172,173.0,4.0,5.0,6.0,4.0,5.0,02_radio.jpg,06_slipper.jpg,6.0,5.0,5.0,4.0,02_radio.jpg,0.0,0.0,1.0,left,0.7330000000001741,1.0,0,,,,,,,,,up
226,172,174.0,4.0,1.0,2.0,7.0,1.0,07_phone.jpg,04_satellite_dish.jpg,1.0,2.0,2.0,1.0,04_satellite_dish.jpg,0.0,3.0,0.0,right,0.548000000000001,1.0,0,,,,,,,,,up
227,172,175.0,4.0,6.0,7.0,5.0,6.0,06_slipper.jpg,01_scarf.jpg,7.0,6.0,7.0,6.0,01_scarf.jpg,1.0,1.0,1.0,right,1.080999999999903,1.0,0,,,,,,,,,up
228,172,176.0,4.0,5.0,3.0,4.0,2.0,02_radio.jpg,05_hat.jpg,5.0,3.0,5.0,4.0,02_radio.jpg,1.0,3.0,0.0,left,0.7850000000000811,1.0,Low,,,,,,,,,up
229,172,177.0,4.0,7.0,2.0,6.0,1.0,01_scarf.jpg,04_satellite_dish.jpg,7.0,2.0,7.0,6.0,01_scarf.jpg,1.0,3.0,0.0,left,1.2139999999999411,1.0,Med,,,,,,,,,up
230,172,178.0,4.0,7.0,1.0,6.0,7.0,01_scarf.jpg,07_phone.jpg,1.0,7.0,7.0,6.0,01_scarf.jpg,0.0,0.0,1.0,left,0.824000000000069,1.0,0,,,,,,,,,up
231,172,179.0,4.0,7.0,6.0,6.0,5.0,01_scarf.jpg,06_slipper.jpg,7.0,6.0,7.0,6.0,01_scarf.jpg,1.0,1.0,1.0,left,1.064000000000078,1.0,0,,,,,,,,,up
232,172,180.0,4.0,1.0,6.0,7.0,5.0,07_phone.jpg,06_slipper.jpg,1.0,6.0,6.0,5.0,06_slipper.jpg,0.0,3.0,0.0,right,0.68100000000004,1.0,High,,,,,,,,,up
233,172,181.0,4.0,4.0,1.0,3.0,7.0,03_dress.jpg,07_phone.jpg,1.0,4.0,4.0,3.0,03_dress.jpg,0.0,3.0,0.0,left,0.8369999999999891,1.0,High,,,,,,,,,up
234,172,182.0,4.0,3.0,2.0,2.0,1.0,05_hat.jpg,04_satellite_dish.jpg,3.0,2.0,3.0,2.0,05_hat.jpg,1.0,1.0,1.0,left,1.051999999999907,1.0,0,,,,,,,,,up
235,172,183.0,4.0,4.0,3.0,3.0,2.0,03_dress.jpg,05_hat.jpg,4.0,3.0,4.0,3.0,03_dress.jpg,1.0,1.0,1.0,left,2.1099999999999,1.0,0,,,,,,,,,up
236,172,184.0,4.0,2.0,5.0,1.0,4.0,04_satellite_dish.jpg,02_radio.jpg,5.0,2.0,5.0,4.0,02_radio.jpg,1.0,3.0,0.0,right,0.644000000000005,1.0,Low,,,,,,,,,up
237,172,185.0,4.0,5.0,7.0,4.0,6.0,02_radio.jpg,01_scarf.jpg,7.0,5.0,5.0,4.0,02_radio.jpg,0.0,3.0,0.0,left,0.8780000000001561,1.0,High,,,,,,,,,up
238,172,186.0,4.0,6.0,4.0,5.0,3.0,06_slipper.jpg,03_dress.jpg,6.0,4.0,4.0,3.0,03_dress.jpg,0.0,3.0,0.0,right,1.31899999999996,1.0,Med,,,,,,,,,up
239,172,187.0,4.0,2.0,6.0,1.0,5.0,04_satellite_dish.jpg,06_slipper.jpg,6.0,2.0,2.0,1.0,04_satellite_dish.jpg,0.0,3.0,0.0,left,1.30600000000004,1.0,Low,,,,,,,,,up
240,172,188.0,4.0,5.0,1.0,4.0,7.0,02_radio.jpg,07_phone.jpg,1.0,5.0,5.0,4.0,02_radio.jpg,0.0,3.0,0.0,left,0.8120000000001251,1.0,High,,,,,,,,,up
241,172,189.0,4.0,6.0,5.0,5.0,4.0,06_slipper.jpg,02_radio.jpg,6.0,5.0,6.0,5.0,06_slipper.jpg,1.0,1.0,1.0,left,1.345000000000027,1.0,0,,,,,,,,,up
242,172,190.0,4.0,3.0,2.0,2.0,1.0,05_hat.jpg,04_satellite_dish.jpg,3.0,2.0,3.0,2.0,05_hat.jpg,1.0,1.0,1.0,left,0.88299999999981,1.0,0,,,,,,,,,up
243,172,191.0,4.0,7.0,1.0,6.0,7.0,01_scarf.jpg,07_phone.jpg,1.0,7.0,7.0,6.0,01_scarf.jpg,0.0,0.0,1.0,left,0.66300000000001,1.0,0,,,,,,,,,up
244,172,192.0,4.0,7.0,5.0,6.0,4.0,01_scarf.jpg,02_radio.jpg,7.0,5.0,5.0,4.0,02_radio.jpg,0.0,3.0,0.0,right,0.95900000000006,1.0,High,,,,,,,,,up
245,172,193.0,4.0,3.0,4.0,2.0,3.0,05_hat.jpg,03_dress.jpg,4.0,3.0,3.0,2.0,05_hat.jpg,0.0,0.0,1.0,left,0.626999999999952,1.0,0,,,,,,,,,up
246,172,194.0,4.0,3.0,5.0,2.0,4.0,05_hat.jpg,02_radio.jpg,5.0,3.0,5.0,4.0,02_radio.jpg,1.0,3.0,0.0,right,0.847999999999956,1.0,Low,,,,,,,,,up
247,172,195.0,4.0,4.0,2.0,3.0,1.0,03_dress.jpg,04_satellite_dish.jpg,4.0,2.0,4.0,3.0,03_dress.jpg,1.0,3.0,0.0,left,0.557000000000016,1.0,Low,,,,,,,,,up
248,172,196.0,4.0,7.0,4.0,6.0,3.0,01_scarf.jpg,03_dress.jpg,7.0,4.0,4.0,3.0,03_dress.jpg,0.0,3.0,0.0,right,0.81600000000003,1.0,High,,,,,,,,,up
249,172,197.0,4.0,1.0,4.0,7.0,3.0,07_phone.jpg,03_dress.jpg,1.0,4.0,4.0,3.0,03_dress.jpg,0.0,3.0,0.0,right,0.754000000000132,1.0,High,,,,,,,,,up
250,172,198.0,4.0,5.0,4.0,4.0,3.0,02_radio.jpg,03_dress.jpg,5.0,4.0,5.0,4.0,02_radio.jpg,1.0,1.0,1.0,left,0.6209999999998671,1.0,0,,,,,,,,,up
251,172,199.0,4.0,6.0,7.0,5.0,6.0,06_slipper.jpg,01_scarf.jpg,7.0,6.0,7.0,6.0,01_scarf.jpg,1.0,1.0,1.0,right,1.200000000000045,1.0,0,,,,,,,,,up
252,172,200.0,4.0,4.0,6.0,3.0,5.0,03_dress.jpg,06_slipper.jpg,6.0,4.0,6.0,5.0,06_slipper.jpg,1.0,3.0,0.0,right,1.330999999999903,1.0,Med,,,,,,,,,up
253,172,201.0,4.0,6.0,1.0,5.0,7.0,06_slipper.jpg,07_phone.jpg,1.0,6.0,6.0,5.0,06_slipper.jpg,0.0,3.0,0.0,left,1.054999999999836,1.0,High,,,,,,,,,up
254,172,202.0,4.0,4.0,5.0,3.0,4.0,03_dress.jpg,02_radio.jpg,5.0,4.0,5.0,4.0,02_radio.jpg,1.0,1.0,1.0,right,0.8920000000000521,1.0,0,,,,,,,,,up
255,172,203.0,4.0,5.0,2.0,4.0,1.0,02_radio.jpg,04_satellite_dish.jpg,5.0,2.0,5.0,4.0,02_radio.jpg,1.0,3.0,0.0,left,0.746999999999843,1.0,Low,,,,,,,,,up
256,172,204.0,4.0,3.0,1.0,2.0,7.0,05_hat.jpg,07_phone.jpg,1.0,3.0,3.0,2.0,05_hat.jpg,0.0,3.0,0.0,left,0.6790000000000871,1.0,Med,,,,,,,,,up
257,172,205.0,4.0,6.0,2.0,5.0,1.0,06_slipper.jpg,04_satellite_dish.jpg,6.0,2.0,2.0,1.0,04_satellite_dish.jpg,0.0,3.0,0.0,right,1.169000000000096,1.0,Low,,,,,,,,,up
258,172,206.0,4.0,1.0,7.0,7.0,6.0,07_phone.jpg,01_scarf.jpg,1.0,7.0,7.0,6.0,01_scarf.jpg,0.0,0.0,1.0,right,1.278999999999996,1.0,0,,,,,,,,,up
259,172,207.0,4.0,2.0,7.0,1.0,6.0,04_satellite_dish.jpg,01_scarf.jpg,7.0,2.0,7.0,6.0,01_scarf.jpg,1.0,3.0,0.0,right,0.7850000000000811,1.0,Med,,,,,,,,,up
260,172,208.0,4.0,7.0,3.0,6.0,2.0,01_scarf.jpg,05_hat.jpg,7.0,3.0,7.0,6.0,01_scarf.jpg,1.0,3.0,0.0,left,0.8940000000000051,1.0,Med,,,,,,,,,up
261,172,209.0,4.0,2.0,1.0,1.0,7.0,04_satellite_dish.jpg,07_phone.jpg,1.0,2.0,2.0,1.0,04_satellite_dish.jpg,0.0,3.0,0.0,left,0.875999999999976,1.0,0,,,,,,,,,up
262,172,210.0,4.0,3.0,6.0,2.0,5.0,05_hat.jpg,06_slipper.jpg,6.0,3.0,6.0,5.0,06_slipper.jpg,1.0,3.0,0.0,right,1.0220000000001621,1.0,Low,,,,,,,,,up
263,172,211.0,4.0,7.0,6.0,6.0,5.0,01_scarf.jpg,06_slipper.jpg,7.0,6.0,6.0,5.0,06_slipper.jpg,0.0,0.0,1.0,right,0.7729999999999101,1.0,0,,,,,,,,,up
264,172,212.0,4.0,4.0,3.0,3.0,2.0,03_dress.jpg,05_hat.jpg,4.0,3.0,4.0,3.0,03_dress.jpg,1.0,1.0,1.0,left,0.838999999999941,1.0,0,,,,,,,,,up
265,172,213.0,4.0,6.0,5.0,5.0,4.0,06_slipper.jpg,02_radio.jpg,6.0,5.0,5.0,4.0,02_radio.jpg,0.0,0.0,1.0,right,1.5050000000001091,1.0,0,,,,,,,,,up
266,172,214.0,4.0,1.0,5.0,7.0,4.0,07_phone.jpg,02_radio.jpg,1.0,5.0,5.0,4.0,02_radio.jpg,0.0,3.0,0.0,right,0.873999999999796,1.0,High,,,,,,,,,up
267,172,215.0,4.0,5.0,6.0,4.0,5.0,02_radio.jpg,06_slipper.jpg,6.0,5.0,5.0,4.0,02_radio.jpg,0.0,0.0,1.0,left,0.812999999999874,1.0,0,,,,,,,,,up
268,172,216.0,4.0,2.0,3.0,1.0,2.0,04_satellite_dish.jpg,05_hat.jpg,3.0,2.0,2.0,1.0,04_satellite_dish.jpg,0.0,0.0,1.0,left,0.8099999999999451,1.0,0,,,,,,,,,up
269,172,217.0,5.0,7.0,6.0,6.0,5.0,01_scarf.jpg,06_slipper.jpg,7.0,6.0,7.0,6.0,01_scarf.jpg,1.0,1.0,1.0,left,1.146000000000185,1.0,0,,,,,,,,,up
270,172,218.0,5.0,3.0,7.0,2.0,6.0,05_hat.jpg,01_scarf.jpg,7.0,3.0,7.0,6.0,01_scarf.jpg,1.0,3.0,0.0,right,0.736000000000103,1.0,Med,,,,,,,,,up
271,172,219.0,5.0,1.0,2.0,7.0,1.0,07_phone.jpg,04_satellite_dish.jpg,1.0,2.0,1.0,7.0,07_phone.jpg,1.0,3.0,0.0,left,0.7969999999997981,1.0,0,,,,,,,,,up
272,172,220.0,5.0,2.0,5.0,1.0,4.0,04_satellite_dish.jpg,02_radio.jpg,5.0,2.0,5.0,4.0,02_radio.jpg,1.0,3.0,0.0,right,0.7279999999998381,1.0,Low,,,,,,,,,up
273,172,221.0,5.0,3.0,5.0,2.0,4.0,05_hat.jpg,02_radio.jpg,5.0,3.0,3.0,2.0,05_hat.jpg,0.0,3.0,0.0,left,1.187000000000125,1.0,Low,,,,,,,,,up
274,172,222.0,5.0,1.0,7.0,7.0,6.0,07_phone.jpg,01_scarf.jpg,1.0,7.0,7.0,6.0,01_scarf.jpg,0.0,0.0,1.0,right,1.5040000000001321,1.0,0,,,,,,,,,up
275,172,223.0,5.0,2.0,6.0,1.0,5.0,04_satellite_dish.jpg,06_slipper.jpg,6.0,2.0,2.0,1.0,04_satellite_dish.jpg,0.0,3.0,0.0,left,1.196999999999889,1.0,Low,,,,,,,,,up
276,172,224.0,5.0,6.0,4.0,5.0,3.0,06_slipper.jpg,03_dress.jpg,6.0,4.0,4.0,3.0,03_dress.jpg,0.0,3.0,0.0,right,1.401000000000067,1.0,Med,,,,,,,,,up
277,172,225.0,5.0,3.0,4.0,2.0,3.0,05_hat.jpg,03_dress.jpg,4.0,3.0,3.0,2.0,05_hat.jpg,0.0,0.0,1.0,left,0.825000000000045,1.0,0,,,,,,,,,up
278,172,226.0,5.0,4.0,2.0,3.0,1.0,03_dress.jpg,04_satellite_dish.jpg,4.0,2.0,4.0,3.0,03_dress.jpg,1.0,3.0,0.0,left,0.923000000000001,1.0,Low,,,,,,,,,up
279,172,227.0,5.0,5.0,7.0,4.0,6.0,02_radio.jpg,01_scarf.jpg,7.0,5.0,5.0,4.0,02_radio.jpg,0.0,3.0,0.0,left,1.230000000000018,1.0,High,,,,,,,,,up
280,172,228.0,5.0,4.0,3.0,3.0,2.0,03_dress.jpg,05_hat.jpg,4.0,3.0,,,,,2.0,1.0,,,1.0,0,,,,,,,,,up
281,172,229.0,5.0,4.0,1.0,3.0,7.0,03_dress.jpg,07_phone.jpg,1.0,4.0,4.0,3.0,03_dress.jpg,0.0,3.0,0.0,left,0.7290000000000411,1.0,High,,,,,,,,,up
282,172,230.0,5.0,2.0,3.0,1.0,2.0,04_satellite_dish.jpg,05_hat.jpg,3.0,2.0,3.0,2.0,05_hat.jpg,1.0,1.0,1.0,right,0.506000000000085,1.0,0,,,,,,,,,up
283,172,231.0,5.0,1.0,3.0,7.0,2.0,07_phone.jpg,05_hat.jpg,1.0,3.0,3.0,2.0,05_hat.jpg,0.0,3.0,0.0,right,0.8920000000000521,1.0,Med,,,,,,,,,up
284,172,232.0,5.0,1.0,6.0,7.0,5.0,07_phone.jpg,06_slipper.jpg,1.0,6.0,6.0,5.0,06_slipper.jpg,0.0,3.0,0.0,right,1.134000000000014,1.0,High,,,,,,,,,up
285,172,233.0,5.0,7.0,1.0,6.0,7.0,01_scarf.jpg,07_phone.jpg,1.0,7.0,7.0,6.0,01_scarf.jpg,0.0,0.0,1.0,left,1.035000000000081,1.0,0,,,,,,,,,up
286,172,234.0,5.0,7.0,2.0,6.0,1.0,01_scarf.jpg,04_satellite_dish.jpg,7.0,2.0,2.0,1.0,04_satellite_dish.jpg,0.0,3.0,0.0,right,1.255000000000109,1.0,Med,,,,,,,,,up
287,172,235.0,5.0,4.0,5.0,3.0,4.0,03_dress.jpg,02_radio.jpg,5.0,4.0,5.0,4.0,02_radio.jpg,1.0,1.0,1.0,right,0.7779999999997921,1.0,0,,,,,,,,,up
288,172,236.0,5.0,5.0,1.0,4.0,7.0,02_radio.jpg,07_phone.jpg,1.0,5.0,5.0,4.0,02_radio.jpg,0.0,3.0,0.0,left,1.010999999999967,1.0,High,,,,,,,,,up
289,172,237.0,5.0,7.0,4.0,6.0,3.0,01_scarf.jpg,03_dress.jpg,7.0,4.0,4.0,3.0,03_dress.jpg,0.0,3.0,0.0,right,1.358999999999923,1.0,High,,,,,,,,,up
290,172,238.0,5.0,5.0,6.0,4.0,5.0,02_radio.jpg,06_slipper.jpg,6.0,5.0,5.0,4.0,02_radio.jpg,0.0,0.0,1.0,left,0.773000000000138,1.0,0,,,,,,,,,up
291,172,239.0,5.0,3.0,2.0,2.0,1.0,05_hat.jpg,04_satellite_dish.jpg,3.0,2.0,3.0,2.0,05_hat.jpg,1.0,1.0,1.0,left,0.84699999999998,1.0,0,,,,,,,,,up
292,172,240.0,5.0,6.0,3.0,5.0,2.0,06_slipper.jpg,05_hat.jpg,6.0,3.0,3.0,2.0,05_hat.jpg,0.0,3.0,0.0,right,1.480000000000018,1.0,Low,,,,,,,,,up
293,172,241.0,5.0,6.0,7.0,5.0,6.0,06_slipper.jpg,01_scarf.jpg,7.0,6.0,7.0,6.0,01_scarf.jpg,1.0,1.0,1.0,right,1.236000000000103,1.0,0,,,,,,,,,up
294,172,242.0,5.0,6.0,5.0,5.0,4.0,06_slipper.jpg,02_radio.jpg,6.0,5.0,6.0,5.0,06_slipper.jpg,1.0,1.0,1.0,left,1.58400000000006,1.0,0,,,,,,,,,up
295,172,243.0,5.0,5.0,4.0,4.0,3.0,02_radio.jpg,03_dress.jpg,5.0,4.0,4.0,3.0,03_dress.jpg,0.0,0.0,1.0,right,0.8779999999999291,1.0,0,,,,,,,,,up
296,172,244.0,5.0,5.0,2.0,4.0,1.0,02_radio.jpg,04_satellite_dish.jpg,5.0,2.0,5.0,4.0,02_radio.jpg,1.0,3.0,0.0,left,0.835000000000036,1.0,Low,,,,,,,,,up
297,172,245.0,5.0,6.0,5.0,5.0,4.0,06_slipper.jpg,02_radio.jpg,6.0,5.0,6.0,5.0,06_slipper.jpg,1.0,1.0,1.0,left,1.545000000000072,1.0,0,,,,,,,,,up
298,172,246.0,5.0,3.0,4.0,2.0,3.0,05_hat.jpg,03_dress.jpg,4.0,3.0,3.0,2.0,05_hat.jpg,0.0,0.0,1.0,left,1.05099999999993,1.0,0,,,,,,,,,up
299,172,247.0,5.0,7.0,5.0,6.0,4.0,01_scarf.jpg,02_radio.jpg,7.0,5.0,7.0,6.0,01_scarf.jpg,1.0,3.0,0.0,left,1.482999999999947,1.0,High,,,,,,,,,up
300,172,248.0,5.0,3.0,2.0,2.0,1.0,05_hat.jpg,04_satellite_dish.jpg,3.0,2.0,3.0,2.0,05_hat.jpg,1.0,1.0,1.0,left,0.9239999999999781,1.0,0,,,,,,,,,up
301,172,249.0,5.0,4.0,7.0,3.0,6.0,03_dress.jpg,01_scarf.jpg,7.0,4.0,4.0,3.0,03_dress.jpg,0.0,3.0,0.0,left,1.67599999999993,1.0,High,,,,,,,,,up
302,172,250.0,5.0,4.0,5.0,3.0,4.0,03_dress.jpg,02_radio.jpg,5.0,4.0,5.0,4.0,02_radio.jpg,1.0,1.0,1.0,right,0.9300000000000631,1.0,0,,,,,,,,,up
303,172,251.0,5.0,6.0,2.0,5.0,1.0,06_slipper.jpg,04_satellite_dish.jpg,6.0,2.0,6.0,5.0,06_slipper.jpg,1.0,3.0,0.0,left,1.039999999999963,1.0,Low,,,,,,,,,up
304,172,252.0,5.0,7.0,1.0,6.0,7.0,01_scarf.jpg,07_phone.jpg,1.0,7.0,7.0,6.0,01_scarf.jpg,0.0,0.0,1.0,left,0.811999999999898,1.0,0,,,,,,,,,up
305,172,253.0,5.0,7.0,3.0,6.0,2.0,01_scarf.jpg,05_hat.jpg,7.0,3.0,3.0,2.0,05_hat.jpg,0.0,3.0,0.0,right,1.00799999999981,1.0,Med,,,,,,,,,up
306,172,254.0,5.0,4.0,6.0,3.0,5.0,03_dress.jpg,06_slipper.jpg,6.0,4.0,6.0,5.0,06_slipper.jpg,1.0,3.0,0.0,right,1.158000000000129,1.0,Med,,,,,,,,,up
307,172,255.0,5.0,5.0,3.0,4.0,2.0,02_radio.jpg,05_hat.jpg,5.0,3.0,5.0,4.0,02_radio.jpg,1.0,3.0,0.0,left,0.964000000000169,1.0,Low,,,,,,,,,up
308,172,256.0,5.0,2.0,4.0,1.0,3.0,04_satellite_dish.jpg,03_dress.jpg,4.0,2.0,4.0,3.0,03_dress.jpg,1.0,3.0,0.0,right,0.7869999999998071,1.0,Low,,,,,,,,,up
309,172,257.0,5.0,1.0,4.0,7.0,3.0,07_phone.jpg,03_dress.jpg,1.0,4.0,4.0,3.0,03_dress.jpg,0.0,3.0,0.0,right,0.775999999999839,1.0,High,,,,,,,,,up
310,172,258.0,5.0,4.0,3.0,3.0,2.0,03_dress.jpg,05_hat.jpg,4.0,3.0,3.0,2.0,05_hat.jpg,0.0,0.0,1.0,right,0.7850000000000811,1.0,0,,,,,,,,,up
311,172,259.0,5.0,6.0,1.0,5.0,7.0,06_slipper.jpg,07_phone.jpg,1.0,6.0,6.0,5.0,06_slipper.jpg,0.0,3.0,0.0,left,0.918999999999869,1.0,High,,,,,,,,,up
312,172,260.0,5.0,7.0,6.0,6.0,5.0,01_scarf.jpg,06_slipper.jpg,7.0,6.0,7.0,6.0,01_scarf.jpg,1.0,1.0,1.0,left,0.973999999999932,1.0,0,,,,,,,,,up
313,172,261.0,5.0,1.0,7.0,7.0,6.0,07_phone.jpg,01_scarf.jpg,1.0,7.0,7.0,6.0,01_scarf.jpg,0.0,0.0,1.0,right,1.011999999999943,1.0,0,,,,,,,,,up
314,172,262.0,5.0,2.0,3.0,1.0,2.0,04_satellite_dish.jpg,05_hat.jpg,3.0,2.0,3.0,2.0,05_hat.jpg,1.0,1.0,1.0,right,0.7200000000000271,1.0,0,,,,,,,,,up
315,172,263.0,5.0,6.0,7.0,5.0,6.0,06_slipper.jpg,01_scarf.jpg,7.0,6.0,7.0,6.0,01_scarf.jpg,1.0,1.0,1.0,right,0.843000000000074,1.0,0,,,,,,,,,up
316,172,264.0,5.0,2.0,7.0,1.0,6.0,04_satellite_dish.jpg,01_scarf.jpg,7.0,2.0,2.0,1.0,04_satellite_dish.jpg,0.0,3.0,0.0,left,0.9939999999999141,1.0,Med,,,,,,,,,up
317,172,265.0,5.0,5.0,4.0,4.0,3.0,02_radio.jpg,03_dress.jpg,5.0,4.0,5.0,4.0,02_radio.jpg,1.0,1.0,1.0,left,0.950000000000045,1.0,0,,,,,,,,,up
318,172,266.0,5.0,2.0,1.0,1.0,7.0,04_satellite_dish.jpg,07_phone.jpg,1.0,2.0,2.0,1.0,04_satellite_dish.jpg,0.0,3.0,0.0,left,1.251000000000203,1.0,0,,,,,,,,,up
319,172,267.0,5.0,3.0,6.0,2.0,5.0,05_hat.jpg,06_slipper.jpg,6.0,3.0,3.0,2.0,05_hat.jpg,0.0,3.0,0.0,left,1.559000000000196,1.0,Low,,,,,,,,,up
320,172,268.0,5.0,5.0,6.0,4.0,5.0,02_radio.jpg,06_slipper.jpg,6.0,5.0,6.0,5.0,06_slipper.jpg,1.0,1.0,1.0,right,1.4359999999999211,1.0,0,,,,,,,,,up
321,172,269.0,5.0,3.0,1.0,2.0,7.0,05_hat.jpg,07_phone.jpg,1.0,3.0,3.0,2.0,05_hat.jpg,0.0,3.0,0.0,left,0.942000000000007,1.0,Med,,,,,,,,,up
322,172,270.0,5.0,1.0,5.0,7.0,4.0,07_phone.jpg,02_radio.jpg,1.0,5.0,5.0,4.0,02_radio.jpg,0.0,3.0,0.0,right,1.1069999999999711,1.0,High,,,,,,,,,up
323,172,271.0,6.0,1.0,4.0,7.0,3.0,07_phone.jpg,03_dress.jpg,1.0,4.0,4.0,3.0,03_dress.jpg,0.0,3.0,0.0,right,1.182000000000016,1.0,High,,,,,,,,,up
324,172,272.0,6.0,4.0,5.0,3.0,4.0,03_dress.jpg,02_radio.jpg,5.0,4.0,5.0,4.0,02_radio.jpg,1.0,1.0,1.0,right,0.8789999999999051,1.0,0,,,,,,,,,up
325,172,273.0,6.0,7.0,2.0,6.0,1.0,01_scarf.jpg,04_satellite_dish.jpg,7.0,2.0,7.0,6.0,01_scarf.jpg,1.0,3.0,0.0,left,0.8640000000000321,1.0,Med,,,,,,,,,up
326,172,274.0,6.0,3.0,2.0,2.0,1.0,05_hat.jpg,04_satellite_dish.jpg,3.0,2.0,3.0,2.0,05_hat.jpg,1.0,1.0,1.0,left,0.8360000000000121,1.0,0,,,,,,,,,up
327,172,275.0,6.0,7.0,4.0,6.0,3.0,01_scarf.jpg,03_dress.jpg,7.0,4.0,4.0,3.0,03_dress.jpg,0.0,3.0,0.0,right,0.9489999999998411,1.0,High,,,,,,,,,up
328,172,276.0,6.0,6.0,3.0,5.0,2.0,06_slipper.jpg,05_hat.jpg,6.0,3.0,6.0,5.0,06_slipper.jpg,1.0,3.0,0.0,left,1.024000000000114,1.0,Low,,,,,,,,,up
329,172,277.0,6.0,2.0,4.0,1.0,3.0,04_satellite_dish.jpg,03_dress.jpg,4.0,2.0,4.0,3.0,03_dress.jpg,1.0,3.0,0.0,right,0.680000000000063,1.0,Low,,,,,,,,,up
330,172,278.0,6.0,6.0,1.0,5.0,7.0,06_slipper.jpg,07_phone.jpg,1.0,6.0,6.0,5.0,06_slipper.jpg,0.0,3.0,0.0,left,0.9329999999999921,1.0,High,,,,,,,,,up
331,172,279.0,6.0,5.0,7.0,4.0,6.0,02_radio.jpg,01_scarf.jpg,7.0,5.0,5.0,4.0,02_radio.jpg,0.0,3.0,0.0,left,1.998000000000047,1.0,High,,,,,,,,,up
332,172,280.0,6.0,3.0,5.0,2.0,4.0,05_hat.jpg,02_radio.jpg,5.0,3.0,3.0,2.0,05_hat.jpg,0.0,3.0,0.0,left,1.1859999999999211,1.0,Low,,,,,,,,,up
333,172,281.0,6.0,3.0,4.0,2.0,3.0,05_hat.jpg,03_dress.jpg,4.0,3.0,4.0,3.0,03_dress.jpg,1.0,1.0,1.0,right,0.86200000000008,1.0,0,,,,,,,,,up
334,172,282.0,6.0,1.0,3.0,7.0,2.0,07_phone.jpg,05_hat.jpg,1.0,3.0,3.0,2.0,05_hat.jpg,0.0,3.0,0.0,right,1.344000000000051,1.0,Med,,,,,,,,,up
335,172,283.0,6.0,4.0,6.0,3.0,5.0,03_dress.jpg,06_slipper.jpg,6.0,4.0,4.0,3.0,03_dress.jpg,0.0,3.0,0.0,left,1.7980000000000012,1.0,Med,,,,,,,,,up
336,172,284.0,6.0,7.0,1.0,6.0,7.0,01_scarf.jpg,07_phone.jpg,1.0,7.0,1.0,7.0,07_phone.jpg,1.0,1.0,1.0,right,0.8510000000001121,1.0,0,,,,,,,,,up
337,172,285.0,6.0,5.0,6.0,4.0,5.0,02_radio.jpg,06_slipper.jpg,6.0,5.0,5.0,4.0,02_radio.jpg,0.0,0.0,1.0,left,1.173000000000001,1.0,0,,,,,,,,,up
338,172,286.0,6.0,3.0,7.0,2.0,6.0,05_hat.jpg,01_scarf.jpg,7.0,3.0,7.0,6.0,01_scarf.jpg,1.0,3.0,0.0,right,1.079999999999927,1.0,Med,,,,,,,,,up
339,172,287.0,6.0,2.0,3.0,1.0,2.0,04_satellite_dish.jpg,05_hat.jpg,3.0,2.0,3.0,2.0,05_hat.jpg,1.0,1.0,1.0,right,0.7720000000001611,1.0,0,,,,,,,,,up
340,172,288.0,6.0,7.0,6.0,6.0,5.0,01_scarf.jpg,06_slipper.jpg,7.0,6.0,7.0,6.0,01_scarf.jpg,1.0,1.0,1.0,left,0.817000000000007,1.0,0,,,,,,,,,up
341,172,289.0,6.0,1.0,7.0,7.0,6.0,07_phone.jpg,01_scarf.jpg,1.0,7.0,1.0,7.0,07_phone.jpg,1.0,1.0,1.0,left,1.188000000000101,1.0,0,,,,,,,,,up
342,172,290.0,6.0,4.0,3.0,3.0,2.0,03_dress.jpg,05_hat.jpg,4.0,3.0,3.0,2.0,05_hat.jpg,0.0,0.0,1.0,right,1.429999999999836,1.0,0,,,,,,,,,up
343,172,291.0,6.0,1.0,5.0,7.0,4.0,07_phone.jpg,02_radio.jpg,1.0,5.0,5.0,4.0,02_radio.jpg,0.0,3.0,0.0,right,1.281999999999925,1.0,High,,,,,,,,,up
344,172,292.0,6.0,6.0,7.0,5.0,6.0,06_slipper.jpg,01_scarf.jpg,7.0,6.0,7.0,6.0,01_scarf.jpg,1.0,1.0,1.0,right,0.8090000000001961,1.0,0,,,,,,,,,up
345,172,293.0,6.0,2.0,6.0,1.0,5.0,04_satellite_dish.jpg,06_slipper.jpg,6.0,2.0,2.0,1.0,04_satellite_dish.jpg,0.0,3.0,0.0,left,0.798000000000001,1.0,Low,,,,,,,,,up
346,172,294.0,6.0,2.0,5.0,1.0,4.0,04_satellite_dish.jpg,02_radio.jpg,5.0,2.0,5.0,4.0,02_radio.jpg,1.0,3.0,0.0,right,0.798000000000001,1.0,Low,,,,,,,,,up
347,172,295.0,6.0,2.0,1.0,1.0,7.0,04_satellite_dish.jpg,07_phone.jpg,1.0,2.0,2.0,1.0,04_satellite_dish.jpg,0.0,3.0,0.0,left,0.848999999999932,1.0,0,,,,,,,,,up
348,172,296.0,6.0,5.0,4.0,4.0,3.0,02_radio.jpg,03_dress.jpg,5.0,4.0,5.0,4.0,02_radio.jpg,1.0,1.0,1.0,left,1.192999999999983,1.0,0,,,,,,,,,up
349,172,297.0,6.0,6.0,5.0,5.0,4.0,06_slipper.jpg,02_radio.jpg,6.0,5.0,5.0,4.0,02_radio.jpg,0.0,0.0,1.0,right,1.570999999999912,1.0,0,,,,,,,,,up
350,172,298.0,6.0,7.0,3.0,6.0,2.0,01_scarf.jpg,05_hat.jpg,7.0,3.0,3.0,2.0,05_hat.jpg,0.0,3.0,0.0,right,1.457999999999856,1.0,Med,,,,,,,,,up
351,172,299.0,6.0,4.0,3.0,3.0,2.0,03_dress.jpg,05_hat.jpg,4.0,3.0,4.0,3.0,03_dress.jpg,1.0,1.0,1.0,left,1.301999999999907,1.0,0,,,,,,,,,up
352,172,300.0,6.0,6.0,4.0,5.0,3.0,06_slipper.jpg,03_dress.jpg,6.0,4.0,4.0,3.0,03_dress.jpg,0.0,3.0,0.0,right,0.9470000000001161,1.0,Med,,,,,,,,,up
353,172,301.0,6.0,3.0,4.0,2.0,3.0,05_hat.jpg,03_dress.jpg,4.0,3.0,3.0,2.0,05_hat.jpg,0.0,0.0,1.0,left,1.086999999999989,1.0,0,,,,,,,,,up
354,172,302.0,6.0,5.0,4.0,4.0,3.0,02_radio.jpg,03_dress.jpg,5.0,4.0,5.0,4.0,02_radio.jpg,1.0,1.0,1.0,left,0.8229999999998651,1.0,0,,,,,,,,,up
355,172,303.0,6.0,4.0,7.0,3.0,6.0,03_dress.jpg,01_scarf.jpg,7.0,4.0,7.0,6.0,01_scarf.jpg,1.0,3.0,0.0,right,1.01299999999992,1.0,High,,,,,,,,,up
356,172,304.0,6.0,7.0,6.0,6.0,5.0,01_scarf.jpg,06_slipper.jpg,7.0,6.0,7.0,6.0,01_scarf.jpg,1.0,1.0,1.0,left,0.839999999999918,1.0,0,,,,,,,,,up
357,172,305.0,6.0,4.0,5.0,3.0,4.0,03_dress.jpg,02_radio.jpg,5.0,4.0,5.0,4.0,02_radio.jpg,1.0,1.0,1.0,right,0.740999999999985,1.0,0,,,,,,,,,up
358,172,306.0,6.0,5.0,6.0,4.0,5.0,02_radio.jpg,06_slipper.jpg,6.0,5.0,5.0,4.0,02_radio.jpg,0.0,0.0,1.0,left,1.241999999999961,1.0,0,,,,,,,,,up
359,172,307.0,6.0,3.0,2.0,2.0,1.0,05_hat.jpg,04_satellite_dish.jpg,3.0,2.0,2.0,1.0,04_satellite_dish.jpg,0.0,0.0,1.0,right,1.771999999999934,1.0,0,,,,,,,,,up
360,172,308.0,6.0,3.0,6.0,2.0,5.0,05_hat.jpg,06_slipper.jpg,6.0,3.0,6.0,5.0,06_slipper.jpg,1.0,3.0,0.0,right,1.169999999999845,1.0,Low,,,,,,,,,up
361,172,309.0,6.0,1.0,2.0,7.0,1.0,07_phone.jpg,04_satellite_dish.jpg,1.0,2.0,2.0,1.0,04_satellite_dish.jpg,0.0,3.0,0.0,right,1.133000000000038,1.0,0,,,,,,,,,up
362,172,310.0,6.0,6.0,2.0,5.0,1.0,06_slipper.jpg,04_satellite_dish.jpg,6.0,2.0,6.0,5.0,06_slipper.jpg,1.0,3.0,0.0,left,0.983999999999923,1.0,Low,,,,,,,,,up
363,172,311.0,6.0,4.0,1.0,3.0,7.0,03_dress.jpg,07_phone.jpg,1.0,4.0,4.0,3.0,03_dress.jpg,0.0,3.0,0.0,left,0.8779999999999291,1.0,High,,,,,,,,,up
364,172,312.0,6.0,4.0,2.0,3.0,1.0,03_dress.jpg,04_satellite_dish.jpg,4.0,2.0,4.0,3.0,03_dress.jpg,1.0,3.0,0.0,left,1.077999999999974,1.0,Low,,,,,,,,,up
365,172,313.0,6.0,1.0,7.0,7.0,6.0,07_phone.jpg,01_scarf.jpg,1.0,7.0,1.0,7.0,07_phone.jpg,1.0,1.0,1.0,left,1.25,1.0,0,,,,,,,,,up
366,172,314.0,6.0,3.0,1.0,2.0,7.0,05_hat.jpg,07_phone.jpg,1.0,3.0,3.0,2.0,05_hat.jpg,0.0,3.0,0.0,left,0.8079999999999921,1.0,Med,,,,,,,,,up
367,172,315.0,6.0,5.0,2.0,4.0,1.0,02_radio.jpg,04_satellite_dish.jpg,5.0,2.0,5.0,4.0,02_radio.jpg,1.0,3.0,0.0,left,0.8239999999998411,1.0,Low,,,,,,,,,up
368,172,316.0,6.0,7.0,1.0,6.0,7.0,01_scarf.jpg,07_phone.jpg,1.0,7.0,1.0,7.0,07_phone.jpg,1.0,1.0,1.0,right,1.08400000000006,1.0,0,,,,,,,,,up
369,172,317.0,6.0,2.0,3.0,1.0,2.0,04_satellite_dish.jpg,05_hat.jpg,3.0,2.0,3.0,2.0,05_hat.jpg,1.0,1.0,1.0,right,0.8920000000000521,1.0,0,,,,,,,,,up
370,172,318.0,6.0,7.0,5.0,6.0,4.0,01_scarf.jpg,02_radio.jpg,7.0,5.0,5.0,4.0,02_radio.jpg,0.0,3.0,0.0,right,0.8799999999998811,1.0,High,,,,,,,,,up
371,172,319.0,6.0,1.0,6.0,7.0,5.0,07_phone.jpg,06_slipper.jpg,1.0,6.0,1.0,7.0,07_phone.jpg,1.0,3.0,0.0,left,1.211999999999989,1.0,High,,,,,,,,,up
372,172,320.0,6.0,5.0,1.0,4.0,7.0,02_radio.jpg,07_phone.jpg,1.0,5.0,5.0,4.0,02_radio.jpg,0.0,3.0,0.0,left,1.648999999999887,1.0,High,,,,,,,,,up
373,172,321.0,6.0,5.0,3.0,4.0,2.0,02_radio.jpg,05_hat.jpg,5.0,3.0,3.0,2.0,05_hat.jpg,0.0,3.0,0.0,right,1.534999999999854,1.0,Low,,,,,,,,,up
374,172,322.0,6.0,6.0,7.0,5.0,6.0,06_slipper.jpg,01_scarf.jpg,7.0,6.0,7.0,6.0,01_scarf.jpg,1.0,1.0,1.0,right,0.7950000000000721,1.0,0,,,,,,,,,up
375,172,323.0,6.0,6.0,5.0,5.0,4.0,06_slipper.jpg,02_radio.jpg,6.0,5.0,5.0,4.0,02_radio.jpg,0.0,0.0,1.0,right,1.036000000000058,1.0,0,,,,,,,,,up
376,172,324.0,6.0,2.0,7.0,1.0,6.0,04_satellite_dish.jpg,01_scarf.jpg,7.0,2.0,7.0,6.0,01_scarf.jpg,1.0,3.0,0.0,right,0.847999999999956,1.0,Med,,,,,,,,,up
377,172,,,,,,,,,,,,,,,,,,,,,"[0.10567003167455774,0.0014895603759230937]","[0.054660738288530034,0.10736556695042501]","[0.05133568261763364,0.0016322371526313682]","[0.1676093907548719,-0.01779899280061964]","[-0.011184497950597578,0.00018207722522783096]","[0.013404591696203502,0.0320765993770397]","[-0.10231001845877527,0.015660294048823083]",,
378,172,,,,,,,,,,,,,,,,,,,,,,,,,,,,"[""07__phone"",""06__slipper"",""02__radio""]",
379,172,,,,,,,,,,,,,,,,,,,,,,,,,,,,,
380,172,,,,,,,,,,,,,,,,,,,,,,,,,,,,,
